{
  "openapi": "3.1.0",
  "info": {
    "title": "FastAPI",
    "version": "0.1.0"
  },
  "paths": {
    "/groups": {
      "post": {
        "summary": "Add Group To Organization",
        "operationId": "add_group_to_organization_groups_post",
        "requestBody": {
          "content": {
            "application/json": {
              "schema": {
                "$ref": "#/components/schemas/GroupModel"
              }
            }
          },
          "required": true
        },
        "responses": {
          "200": {
            "description": "Successful Response",
            "content": {
              "application/json": {
                "schema": {}
              }
            }
          },
          "422": {
            "description": "Validation Error",
            "content": {
              "application/json": {
                "schema": {
                  "$ref": "#/components/schemas/HTTPValidationError"
                }
              }
            }
          }
        }
      }
    },
    "/organizations/{organizationId}/groups": {
      "get": {
        "summary": "Get Groups By Organization",
        "operationId": "get_groups_by_organization_organizations__organizationId__groups_get",
        "parameters": [
          {
            "name": "organization_id",
            "in": "query",
            "required": true,
            "schema": {
              "type": "string",
              "format": "uuid",
              "title": "Organization Id"
            }
          }
        ],
        "responses": {
          "200": {
            "description": "Successful Response",
            "content": {
              "application/json": {
                "schema": {
                  "type": "array",
                  "items": {
                    "$ref": "#/components/schemas/GroupModel"
                  },
                  "title": "Response Get Groups By Organization Organizations  Organizationid  Groups Get"
                }
              }
            }
          },
          "422": {
            "description": "Validation Error",
            "content": {
              "application/json": {
                "schema": {
                  "$ref": "#/components/schemas/HTTPValidationError"
                }
              }
            }
          }
        }
      }
    },
    "/groups/{groupId}": {
      "get": {
        "summary": "Get Group",
        "operationId": "get_group_groups__groupId__get",
        "parameters": [
          {
            "name": "group_id",
            "in": "query",
            "required": true,
            "schema": {
              "type": "string",
              "format": "uuid",
              "title": "Group Id"
            }
          }
        ],
        "responses": {
          "200": {
            "description": "Successful Response",
            "content": {
              "application/json": {
                "schema": {
                  "anyOf": [
                    {
                      "$ref": "#/components/schemas/GroupModel"
                    },
                    {
                      "type": "null"
                    }
                  ],
                  "title": "Response Get Group Groups  Groupid  Get"
                }
              }
            }
          },
          "422": {
            "description": "Validation Error",
            "content": {
              "application/json": {
                "schema": {
                  "$ref": "#/components/schemas/HTTPValidationError"
                }
              }
            }
          }
        }
      }
    },
    "/groups/link_children": {
      "post": {
        "summary": "Add Children To Group",
        "operationId": "add_children_to_group_groups_link_children_post",
        "requestBody": {
          "content": {
            "application/json": {
              "schema": {
                "$ref": "#/components/schemas/GroupChildModel"
              }
            }
          },
          "required": true
        },
        "responses": {
          "200": {
            "description": "Successful Response",
            "content": {
              "application/json": {
                "schema": {}
              }
            }
          },
          "422": {
            "description": "Validation Error",
            "content": {
              "application/json": {
                "schema": {
                  "$ref": "#/components/schemas/HTTPValidationError"
                }
              }
            }
          }
        }
      }
    },
    "/organizations": {
      "get": {
        "summary": "Get Organizations",
        "operationId": "get_organizations_organizations_get",
        "responses": {
          "200": {
            "description": "Successful Response",
            "content": {
              "application/json": {
                "schema": {
                  "items": {
                    "$ref": "#/components/schemas/OrganizationModel"
                  },
                  "type": "array",
                  "title": "Response Get Organizations Organizations Get"
                }
              }
            }
          }
        }
      },
      "post": {
        "summary": "Create Organization",
        "operationId": "create_organization_organizations_post",
        "requestBody": {
          "content": {
            "application/json": {
              "schema": {
                "$ref": "#/components/schemas/OrganizationModel"
              }
            }
          },
          "required": true
        },
        "responses": {
          "200": {
            "description": "Successful Response",
            "content": {
              "application/json": {
                "schema": {}
              }
            }
          },
          "422": {
            "description": "Validation Error",
            "content": {
              "application/json": {
                "schema": {
                  "$ref": "#/components/schemas/HTTPValidationError"
                }
              }
            }
          }
        }
      }
    },
    "/organizations/{organization_id}": {
      "get": {
        "summary": "Get Organization",
        "operationId": "get_organization_organizations__organization_id__get",
        "parameters": [
          {
            "name": "organization_id",
            "in": "path",
            "required": true,
            "schema": {
              "type": "string",
              "format": "uuid",
              "title": "Organization Id"
            }
          }
        ],
        "responses": {
          "200": {
            "description": "Successful Response",
            "content": {
              "application/json": {
                "schema": {
                  "anyOf": [
                    {
                      "$ref": "#/components/schemas/OrganizationModel"
                    },
                    {
                      "type": "null"
                    }
                  ],
                  "title": "Response Get Organization Organizations  Organization Id  Get"
                }
              }
            }
          },
          "422": {
            "description": "Validation Error",
            "content": {
              "application/json": {
                "schema": {
                  "$ref": "#/components/schemas/HTTPValidationError"
                }
              }
            }
          }
        }
      }
    },
    "/login": {
      "get": {
        "summary": "Login",
        "operationId": "login_login_get",
        "parameters": [
          {
            "name": "id",
            "in": "query",
            "required": false,
            "schema": {
              "anyOf": [
                {
                  "type": "integer"
                },
                {
                  "type": "null"
                }
              ],
              "title": "Id"
            }
          },
          {
            "name": "first_name",
            "in": "query",
            "required": false,
            "schema": {
              "anyOf": [
                {
                  "type": "string"
                },
                {
                  "type": "null"
                }
              ],
              "title": "First Name"
            }
          },
          {
            "name": "last_name",
            "in": "query",
            "required": false,
            "schema": {
              "anyOf": [
                {
                  "type": "string"
                },
                {
                  "type": "null"
                }
              ],
              "title": "Last Name"
            }
          },
          {
            "name": "username",
            "in": "query",
            "required": false,
            "schema": {
              "anyOf": [
                {
                  "type": "string"
                },
                {
                  "type": "null"
                }
              ],
              "title": "Username"
            }
          },
          {
            "name": "photo_url",
            "in": "query",
            "required": false,
            "schema": {
              "anyOf": [
                {
                  "type": "string"
                },
                {
                  "type": "null"
                }
              ],
              "title": "Photo Url"
            }
          },
          {
            "name": "auth_date",
            "in": "query",
            "required": false,
            "schema": {
              "anyOf": [
                {
                  "type": "string"
                },
                {
                  "type": "null"
                }
              ],
              "title": "Auth Date"
            }
          },
          {
            "name": "hash",
            "in": "query",
            "required": false,
            "schema": {
              "anyOf": [
                {
                  "type": "string"
                },
                {
                  "type": "null"
                }
              ],
              "title": "Hash"
            }
          }
        ],
        "responses": {
          "200": {
            "description": "Successful Response",
            "content": {
              "application/json": {
                "schema": {}
              }
            }
          },
          "422": {
            "description": "Validation Error",
            "content": {
              "application/json": {
                "schema": {
                  "$ref": "#/components/schemas/HTTPValidationError"
                }
              }
            }
          }
        }
      }
    },
    "/": {
      "get": {
        "summary": "Index",
        "description": "Index page just redirects to login page.",
        "operationId": "index__get",
        "responses": {
          "200": {
            "description": "Successful Response",
            "content": {
              "application/json": {
                "schema": {}
              }
            }
          }
        }
      }
    },
    "/parents": {
      "post": {
        "summary": "Create Parent",
        "operationId": "create_parent_parents_post",
        "requestBody": {
          "content": {
            "application/json": {
              "schema": {
                "$ref": "#/components/schemas/ParentModel"
              }
            }
          },
          "required": true
        },
        "responses": {
          "200": {
            "description": "Successful Response",
            "content": {
              "application/json": {
                "schema": {}
              }
            }
          },
          "422": {
            "description": "Validation Error",
            "content": {
              "application/json": {
                "schema": {
                  "$ref": "#/components/schemas/HTTPValidationError"
                }
              }
            }
          }
        }
      }
    },
    "/parents/{tgId}": {
      "get": {
        "summary": "Get Parent By Tg Id",
        "operationId": "get_parent_by_tg_id_parents__tgId__get",
        "parameters": [
          {
            "name": "tg_id",
            "in": "query",
            "required": true,
            "schema": {
              "type": "string",
              "title": "Tg Id"
            }
          }
        ],
        "responses": {
          "200": {
            "description": "Successful Response",
            "content": {
              "application/json": {
                "schema": {
                  "anyOf": [
                    {
                      "$ref": "#/components/schemas/ParentModel"
                    },
                    {
                      "type": "null"
                    }
                  ],
                  "title": "Response Get Parent By Tg Id Parents  Tgid  Get"
                }
              }
            }
          },
          "422": {
            "description": "Validation Error",
            "content": {
              "application/json": {
                "schema": {
                  "$ref": "#/components/schemas/HTTPValidationError"
                }
              }
            }
          }
        }
      }
    },
    "/parents/child/{childId}": {
      "get": {
        "summary": "Get Parents By Child Id",
        "operationId": "get_parents_by_child_id_parents_child__childId__get",
        "parameters": [
          {
            "name": "child_id",
            "in": "query",
            "required": true,
            "schema": {
              "type": "string",
              "title": "Child Id"
            }
          }
        ],
        "responses": {
          "200": {
            "description": "Successful Response",
            "content": {
              "application/json": {
                "schema": {
                  "anyOf": [
                    {
                      "type": "array",
                      "minItems": 2,
                      "prefixItems": [
                        {
                          "$ref": "#/components/schemas/ParentModel"
                        },
                        {
                          "$ref": "#/components/schemas/ParentModel"
                        }
                      ],
                      "maxItems": 2
                    },
                    {
                      "type": "null"
                    }
                  ],
                  "title": "Response Get Parents By Child Id Parents Child  Childid  Get"
                }
              }
            }
          },
          "422": {
            "description": "Validation Error",
            "content": {
              "application/json": {
                "schema": {
                  "$ref": "#/components/schemas/HTTPValidationError"
                }
              }
            }
          }
        }
      }
    },
    "/employee": {
      "post": {
        "summary": "Create Employee",
        "operationId": "create_employee_employee_post",
        "requestBody": {
          "content": {
            "application/json": {
              "schema": {
                "$ref": "#/components/schemas/EmployeeModel"
              }
            }
          },
          "required": true
        },
        "responses": {
          "200": {
            "description": "Successful Response",
            "content": {
              "application/json": {
                "schema": {}
              }
            }
          },
          "422": {
            "description": "Validation Error",
            "content": {
              "application/json": {
                "schema": {
                  "$ref": "#/components/schemas/HTTPValidationError"
                }
              }
            }
          }
        }
      }
    },
    "/employee/{tgId}": {
      "get": {
        "summary": "Get Employee By Tg Id",
        "operationId": "get_employee_by_tg_id_employee__tgId__get",
        "parameters": [
          {
            "name": "tg_id",
            "in": "query",
            "required": true,
            "schema": {
              "type": "string",
              "title": "Tg Id"
            }
          }
        ],
        "responses": {
          "200": {
            "description": "Successful Response",
            "content": {
              "application/json": {
                "schema": {
                  "anyOf": [
                    {
                      "$ref": "#/components/schemas/EmployeeModel"
                    },
                    {
                      "type": "null"
                    }
                  ],
                  "title": "Response Get Employee By Tg Id Employee  Tgid  Get"
                }
              }
            }
          },
          "422": {
            "description": "Validation Error",
            "content": {
              "application/json": {
                "schema": {
                  "$ref": "#/components/schemas/HTTPValidationError"
                }
              }
            }
          }
        }
      }
    },
    "/child": {
      "post": {
        "summary": "Create Child",
        "operationId": "create_child_child_post",
        "requestBody": {
          "content": {
            "application/json": {
              "schema": {
                "$ref": "#/components/schemas/ChildModel"
              }
            }
          },
          "required": true
        },
        "responses": {
          "200": {
            "description": "Successful Response",
            "content": {
              "application/json": {
                "schema": {}
              }
            }
          },
          "422": {
            "description": "Validation Error",
            "content": {
              "application/json": {
                "schema": {
                  "$ref": "#/components/schemas/HTTPValidationError"
                }
              }
            }
          }
        }
      }
    },
    "/child/{groupId}": {
      "get": {
        "summary": "Get Children By Group Id",
        "operationId": "get_children_by_group_id_child__groupId__get",
        "parameters": [
          {
            "name": "group_id",
            "in": "query",
            "required": true,
            "schema": {
              "type": "string",
              "format": "uuid",
              "title": "Group Id"
            }
          }
        ],
        "responses": {
          "200": {
            "description": "Successful Response",
            "content": {
              "application/json": {
                "schema": {
                  "type": "array",
                  "items": {
                    "$ref": "#/components/schemas/ChildModel"
                  },
                  "title": "Response Get Children By Group Id Child  Groupid  Get"
                }
              }
            }
          },
          "422": {
            "description": "Validation Error",
            "content": {
              "application/json": {
                "schema": {
                  "$ref": "#/components/schemas/HTTPValidationError"
                }
              }
            }
          }
        }
      }
    }
  },
  "components": {
    "schemas": {
      "AgeRanges": {
        "type": "string",
        "enum": [
          "0-2",
          "2-4",
          "4-6"
        ],
        "title": "AgeRanges"
      },
      "ChildModel": {
        "properties": {
          "child_id": {
            "type": "string",
            "format": "uuid",
            "title": "Child Id",
            "default": "3b42ff4b-4719-4625-aa6f-beb2f297a394"
          },
          "name": {
            "type": "string",
            "title": "Name"
          },
          "first_name": {
            "type": "string",
            "title": "First Name"
          },
          "last_name": {
            "anyOf": [
              {
                "type": "string"
              },
              {
                "type": "null"
              }
            ],
            "title": "Last Name"
          },
          "birth_date": {
            "anyOf": [
              {
                "type": "string",
                "format": "date-time"
              },
              {
                "type": "null"
              }
            ],
            "title": "Birth Date"
          },
          "start_education_date": {
            "anyOf": [
              {
                "type": "string",
                "format": "date-time"
              },
              {
                "type": "null"
              }
            ],
            "title": "Start Education Date"
          },
          "start_education_time": {
            "anyOf": [
              {
                "type": "string",
                "format": "date-time"
              },
              {
                "type": "null"
              }
            ],
            "title": "Start Education Time"
          },
          "end_education_time": {
            "anyOf": [
              {
                "type": "string",
                "format": "date-time"
              },
              {
                "type": "null"
              }
            ],
            "title": "End Education Time"
          },
          "gender": {
            "$ref": "#/components/schemas/Gender"
          },
          "parent_1_id": {
            "type": "string",
            "format": "uuid",
            "title": "Parent 1 Id",
            "default": "d6f1ec15-ff5e-4fa8-876c-b9e2ef54e5eb"
          },
          "parent_2_id": {
            "type": "string",
            "format": "uuid",
            "title": "Parent 2 Id",
            "default": "4b04bb6b-6f13-49af-a949-b6dab52d0691"
          }
        },
        "type": "object",
        "required": [
          "name",
          "first_name",
          "gender"
        ],
        "title": "ChildModel"
      },
      "EmployeeModel": {
        "properties": {
          "employee_id": {
            "type": "string",
            "format": "uuid",
            "title": "Employee Id",
            "default": "31680035-d867-47a9-9931-e461a8e62a5e"
          },
          "name": {
            "type": "string",
            "title": "Name"
          },
          "first_name": {
            "type": "string",
            "title": "First Name"
          },
          "last_name": {
            "anyOf": [
              {
                "type": "string"
              },
              {
                "type": "null"
              }
            ],
            "title": "Last Name"
          },
          "email": {
            "anyOf": [
              {
                "type": "string"
              },
              {
                "type": "null"
              }
            ],
            "title": "Email"
          },
          "gender": {
            "$ref": "#/components/schemas/Gender"
          },
          "phone_number": {
            "anyOf": [
              {
                "type": "string"
              },
              {
                "type": "null"
              }
            ],
            "title": "Phone Number"
          },
          "tg_user_id": {
            "anyOf": [
              {
                "type": "string"
              },
              {
                "type": "null"
              }
            ],
            "title": "Tg User Id"
          },
          "role_id": {
            "type": "string",
            "format": "uuid",
            "title": "Role Id"
          },
          "group_ids": {
            "items": {
              "type": "string",
              "format": "uuid"
            },
            "type": "array",
            "title": "Group Ids",
            "default": []
          }
        },
        "type": "object",
        "required": [
          "name",
          "first_name",
          "gender",
          "role_id"
        ],
        "title": "EmployeeModel"
      },
      "Gender": {
        "type": "string",
        "enum": [
          "MALE",
          "FEMALE"
        ],
        "title": "Gender"
      },
      "GroupChildModel": {
        "properties": {
          "group_id": {
            "type": "string",
            "format": "uuid",
            "title": "Group Id",
            "default": "27e2c6c1-7688-45d7-ae81-9fddd542cd1f"
          },
          "child_ids": {
            "items": {
              "type": "string",
              "format": "uuid"
            },
            "type": "array",
            "title": "Child Ids",
            "default": []
          }
        },
        "type": "object",
        "title": "GroupChildModel"
      },
      "GroupModel": {
        "properties": {
          "group_id": {
            "type": "string",
            "format": "uuid",
            "title": "Group Id",
            "default": "dea9cd45-03da-4148-bafc-53deaee90598"
          },
          "organization_id": {
            "type": "string",
            "format": "uuid",
            "title": "Organization Id",
            "default": "0e9ecff2-8b2f-446a-b99a-b871ddc7ee47"
          },
          "name": {
            "type": "string",
            "title": "Name"
          },
          "age_range": {
            "$ref": "#/components/schemas/AgeRanges"
          }
        },
        "type": "object",
        "required": [
          "name",
          "age_range"
        ],
        "title": "GroupModel"
      },
      "HTTPValidationError": {
        "properties": {
          "detail": {
            "items": {
              "$ref": "#/components/schemas/ValidationError"
            },
            "type": "array",
            "title": "Detail"
          }
        },
        "type": "object",
        "title": "HTTPValidationError"
      },
      "OrganizationModel": {
        "properties": {
          "organization_id": {
            "type": "string",
            "format": "uuid",
            "title": "Organization Id",
            "default": "07558a4e-3ed5-46d4-bf56-b2795304379e"
          },
          "name": {
            "type": "string",
            "title": "Name"
          },
          "description": {
            "anyOf": [
              {
                "type": "string"
              },
              {
                "type": "null"
              }
            ],
            "title": "Description"
          },
          "photo_url": {
            "anyOf": [
              {
                "type": "string"
              },
              {
                "type": "null"
              }
            ],
            "title": "Photo Url"
          },
          "start_education_time": {
            "type": "string",
            "format": "date-time",
            "title": "Start Education Time"
          },
          "end_education_time": {
            "type": "string",
            "format": "date-time",
            "title": "End Education Time"
          },
          "registration_date": {
            "type": "string",
            "format": "date-time",
            "title": "Registration Date",
            "default": "2024-01-14T11:03:18.067092"
          },
          "updated_date": {
            "type": "string",
            "format": "date-time",
            "title": "Updated Date",
            "default": "2024-01-14T11:03:18.067251"
          }
        },
        "type": "object",
        "required": [
          "name",
          "start_education_time",
          "end_education_time"
        ],
        "title": "OrganizationModel"
      },
      "ParentModel": {
        "properties": {
          "parent_id": {
            "type": "string",
            "format": "uuid",
            "title": "Parent Id",
            "default": "ba598838-311a-4a61-9223-4e63d603a77d"
          },
          "name": {
            "type": "string",
            "title": "Name"
          },
          "first_name": {
            "type": "string",
            "title": "First Name"
          },
          "last_name": {
            "anyOf": [
              {
                "type": "string"
              },
              {
                "type": "null"
              }
            ],
            "title": "Last Name"
          },
          "email": {
            "anyOf": [
              {
                "type": "string"
              },
              {
                "type": "null"
              }
            ],
            "title": "Email"
          },
          "gender": {
            "$ref": "#/components/schemas/Gender"
          },
          "phone_number": {
            "anyOf": [
              {
                "type": "string"
              },
              {
                "type": "null"
              }
            ],
            "title": "Phone Number"
          },
          "freq_notifications": {
            "type": "integer",
            "title": "Freq Notifications"
          },
          "tg_user_id": {
            "anyOf": [
              {
                "type": "string"
              },
              {
                "type": "null"
              }
            ],
            "title": "Tg User Id"
          }
        },
        "type": "object",
        "required": [
          "name",
          "first_name",
          "gender",
          "freq_notifications"
        ],
        "title": "ParentModel"
      },
      "ValidationError": {
        "properties": {
          "loc": {
            "items": {
              "anyOf": [
                {
                  "type": "string"
                },
                {
                  "type": "integer"
                }
              ]
            },
            "type": "array",
            "title": "Location"
          },
          "msg": {
            "type": "string",
            "title": "Message"
          },
          "type": {
            "type": "string",
            "title": "Error Type"
          }
        },
        "type": "object",
        "required": [
          "loc",
          "msg",
          "type"
        ],
        "title": "ValidationError"
      }
    }
  }
}
